gsis_id	name	position	games_played	avg_points	stddev_points
00-0020305	A.J. Feeley	QB	4	5.080000	4.113855
00-0027942	A.J. Green	WR	32	17.343750	8.098493
00-0027129	Aaron Brown	RB	1	1.900000	0.000000
00-0027713	Aaron Hernandez	TE	23	14.969565	7.475260
00-0023459	Aaron Rodgers	QB	32	29.332500	10.369675
00-0030550	Ace Sanders	WR	1	4.400000	0.000000
00-0016919	Adam Vinatieri	K	33	0.000000	0.000000
00-0026377	Adrian Arrington	WR	2	2.550000	0.150000
00-0025394	Adrian Peterson	RB	29	20.196552	8.781936
00-0025637	Ahmad Bradshaw	RB	27	13.848148	8.218604
00-0024489	Ahmard Hall	RB	7	2.000000	1.500476
00-0028116	Aldrick Robinson	WR	8	6.762500	5.552013
00-0028034	Alex Green	RB	12	6.633333	3.655893
00-0028058	Alex Henery	K	33	0.000000	0.000000
00-0023436	Alex Smith	QB	45	10.323556	8.960368
00-0027346	Alfonso Smith	RB	10	2.800000	3.323853
00-0029141	Alfred Morris	RB	17	15.435294	7.977390
00-0028267	Allen Reisner	TE	3	3.300000	2.006656
00-0029137	Alshon Jeffery	WR	10	8.790000	4.644664
00-0027094	Andre Brown	RB	10	10.710000	8.610976
00-0026237	Andre Caldwell	WR	14	7.192857	4.222975
00-0030287	Andre Ellington	RB	1	2.300000	0.000000
00-0028263	Andre Holmes	WR	2	1.550000	0.150000
00-0022044	Andre Johnson	WR	24	17.391667	10.371633
00-0027691	Andre Roberts	WR	31	10.154839	6.747322
00-0027918	Andrew Hawkins	WR	26	7.042308	4.795444
00-0029668	Andrew Luck	QB	17	20.669412	8.117792
00-0027753	Andrew Quarless	TE	3	2.200000	0.637704
00-0027973	Andy Dalton	QB	33	17.313939	7.934446
00-0022084	Anquan Boldin	WR	29	13.272414	7.664783
00-0028163	Anthony Allen	RB	8	2.012500	3.775062
00-0026465	Anthony Armstrong	WR	10	3.540000	3.960858
00-0019457	Anthony Becht	TE	2	2.800000	1.200000
00-0027772	Anthony Dixon	RB	17	2.476471	3.084597
00-0024268	Anthony Fasano	TE	30	7.136667	4.514162
00-0026908	Anthony Hill	TE	2	1.500000	0.000000
00-0027783	Anthony McCoy	TE	18	5.150000	3.969782
00-0027793	Antonio Brown	WR	30	12.850000	5.663023
00-0021547	Antonio Gates	TE	28	11.982143	6.493296
00-0026796	Arian Foster	RB	30	20.673333	8.135024
00-0028565	Armando Allen	RB	12	2.233333	3.293259
00-0027692	Armanti Edwards	WR	25	0.721600	1.874203
00-0028400	Armon Binns	WR	7	7.957143	3.791290
00-0028706	Armond Smith	RB	6	0.033333	0.074536
00-0027654	Arrelious Benn	WR	22	4.527273	4.521683
00-0027092	Austin Collie	WR	15	7.533333	5.467317
00-0028016	Austin Pettis	WR	26	5.257692	3.409057
00-0028170	Baron Batch	RB	8	2.250000	3.185122
00-0027007	Beanie Wells	RB	22	10.486364	9.041837
00-0026931	Bear Pascoe	TE	12	3.258333	1.630163
00-0022847	Ben Hartsock	TE	4	1.250000	1.436141
00-0024463	Ben Obomanu	WR	19	5.515789	4.482277
00-0022924	Ben Roethlisberger	QB	29	18.742069	8.482604
00-0027890	Ben Tate	RB	27	7.296296	6.905418
00-0022943	Benjamin Watson	TE	30	7.106667	4.664828
00-0025860	BenJarvus Green-Ellis	RB	32	10.665625	6.620593
00-0029795	Benny Cunningham	RB	1	0.000000	0.000000
00-0022807	Bernard Berrian	WR	3	5.366667	3.561211
00-0029264	Bernard Pierce	RB	16	4.568750	3.371891
00-0026941	Bernard Scott	RB	18	4.238889	3.376905
00-0028064	Bilal Powell	RB	17	6.641176	5.191855
00-0023679	Billy Bajema	TE	5	3.220000	0.861162
00-0020972	Billy Cundiff	K	21	0.000000	0.000000
00-0019041	Billy Volek	QB	2	-0.250000	0.050000
00-0027948	Blaine Gabbert	QB	26	9.572308	5.845511
00-0029576	Blair Walsh	K	17	0.000000	0.000000
00-0027477	Blair White	WR	7	0.000000	0.000000
00-0029384	Bobby Rainey	RB	1	0.000000	0.000000
00-0029315	Brad Smelley	TE	1	1.300000	0.000000
00-0024318	Brad Smith	WR	28	4.589286	4.915089
00-0029420	Bradie Ewing	RB	1	2.500000	0.000000
00-0025409	Brady Quinn	QB	10	4.824000	5.659970
00-0027618	Brandon Banks	WR	28	0.827143	1.720724
00-0029239	Brandon Bolden	RB	8	5.312500	6.600083
00-0026375	Brandon Coutu	K	1	0.000000	0.000000
00-0026937	Brandon Gibson	WR	27	9.314815	4.978525
00-0025450	Brandon Jackson	RB	2	4.700000	0.700000
00-0023545	Brandon Jacobs	RB	16	8.350000	6.530314
00-0027681	Brandon LaFell	WR	26	9.788462	5.319870
00-0022097	Brandon Lloyd	WR	31	12.441935	6.705019
00-0024334	Brandon Marshall	WR	33	18.081818	8.457683
00-0027135	Brandon Myers	TE	27	8.677778	7.707540
00-0026996	Brandon Pettigrew	TE	30	10.700000	5.797413
00-0028602	Brandon Saine	RB	5	4.760000	2.866077
00-0015754	Brandon Stokley	WR	16	8.656250	4.983343
00-0027057	Brandon Tate	WR	33	1.275758	3.295914
00-0029677	Brandon Weeden	QB	16	12.878750	7.201081
00-0023438	Braylon Edwards	WR	13	5.923077	2.855535
00-0025549	Brent Celek	TE	32	9.878125	6.356283
00-0026357	Brett Swain	WR	2	1.750000	0.150000
00-0027077	Brian Hartline	WR	30	10.316667	8.426272
00-0026625	Brian Hoyer	QB	4	4.095000	5.549691
00-0025439	Brian Leonard	RB	26	3.123077	2.660582
00-0029640	Brian Quick	WR	10	4.120000	3.186158
00-0027012	Brian Robiskie	WR	4	4.975000	3.811414
00-0030516	Brice Butler	WR	1	1.800000	0.000000
00-0026607	Brock Bolen	RB	4	1.000000	0.374166
00-0029682	Brock Osweiler	QB	5	-0.164000	0.118254
00-0027761	Brody Eldridge	TE	7	1.928571	0.694292
00-0024408	Bruce Gradkowski	QB	4	2.715000	4.226875
00-0027595	Bryan Walters	WR	3	1.900000	1.687207
00-0022156	Bryant Johnson	WR	4	5.275000	4.337842
00-0029429	Bryce Brown	RB	17	5.617647	9.646654
00-0022177	Byron Leftwich	QB	2	8.990000	6.070000
00-0027861	C.J. Spiller	RB	33	12.781818	9.114306
00-0023440	Cadillac Williams	RB	11	5.763636	5.036101
00-0025970	Caleb Hanie	QB	4	8.580000	7.864159
00-0030390	Caleb Sturgis	K	1	0.000000	0.000000
00-0025389	Calvin Johnson	WR	33	21.493939	9.638431
00-0027939	Cam Newton	QB	33	23.757576	9.722809
00-0026963	Cameron Morrah	TE	5	2.700000	1.426885
00-0027776	Carlton Mitchell	WR	2	3.050000	0.150000
00-0021429	Carson Palmer	QB	26	17.212308	8.144150
00-0028052	Cecil Shorts	WR	23	9.152174	8.068504
00-0023439	Cedric Benson	RB	20	10.820000	5.545593
00-0026932	Cedric Peerman	RB	13	3.907692	4.385546
00-0027188	Chad Hall	WR	6	2.050000	2.696139
00-0026197	Chad Henne	QB	15	13.701333	12.047365
00-0020397	Chad Johnson	WR	10	4.860000	2.649226
00-0025622	Chansi Stuckey	WR	3	1.966667	0.309121
00-0000865	Charlie Batch	QB	5	4.624000	5.711720
00-0024296	Charlie Whitehurst	QB	3	5.073333	5.339172
00-0026753	Charly Martin	WR	3	2.733333	0.713364
00-0027069	Chase Coffman	TE	1	2.100000	0.000000
00-0026544	Chase Daniel	QB	5	0.552000	0.813152
00-0027441	Chastin West	WR	7	5.900000	3.655915
00-0026353	Chauncey Washington	RB	1	3.200000	0.000000
00-0026366	Chaz Schilens	WR	20	6.450000	4.095058
00-0021314	Chester Taylor	RB	11	3.345455	2.072488
00-0022738	Chris Cooley	TE	5	3.320000	2.766514
00-0029614	Chris Givens	WR	14	9.692857	5.947084
00-0027419	Chris Gronkowski	RB	2	1.050000	1.050000
00-0027531	Chris Ivory	RB	13	6.315385	5.485484
00-0026164	Chris Johnson	RB	33	13.454545	7.054983
00-0027140	Chris Ogbonnaya	RB	23	5.356522	5.092264
00-0028905	Chris Owusu	WR	1	3.400000	0.000000
00-0029438	Chris Polk	RB	2	0.000000	0.000000
00-0029140	Chris Rainey	RB	16	2.512500	3.249591
00-0019709	Chris Redman	QB	4	1.230000	1.031649
00-0030404	Chris Thompson	RB	1	0.000000	0.000000
00-0027950	Christian Ponder	QB	28	13.602143	8.472747
00-0027725	Clay Harbor	TE	22	4.109091	4.258885
00-0028049	Clyde Gates	WR	21	2.219048	3.657428
00-0029697	Coby Fleener	TE	12	5.650000	3.816084
00-0029000	Cole Beasley	WR	7	3.971429	4.081566
00-0026669	Colin Cloherty	TE	4	2.425000	1.991702
00-0028550	Colin Cochart	TE	4	3.850000	2.905598
00-0027974	Colin Kaepernick	QB	16	14.496250	11.244550
00-0028876	Collin Mooney	RB	1	1.900000	0.000000
00-0027688	Colt McCoy	QB	15	13.312000	5.808503
00-0026138	Connor Barth	K	31	0.000000	0.000000
00-0030578	Cordarrelle Patterson	WR	1	2.000000	0.000000
00-0028958	Cory Harkey	TE	1	3.100000	0.000000
00-0023503	Courtney Roby	WR	1	1.900000	0.000000
00-0026225	Craig Stevens	TE	23	3.830435	2.787462
00-0026745	Curtis Brinkley	RB	14	4.171429	4.958028
00-0027134	Curtis Painter	QB	9	9.371111	8.673439
00-0029298	Cyrus Gray	RB	5	2.120000	1.144378
00-0024559	D.J. Ware	RB	28	3.192857	3.171404
00-0028079	D.J. Williams	TE	8	2.000000	1.636307
00-0028159	Da'Rel Scott	RB	9	1.800000	3.952777
00-0022165	Dallas Clark	TE	25	8.376000	4.976849
00-0029435	Damaris Johnson	WR	15	3.186667	3.102014
00-0027893	Damian Williams	WR	29	6.858621	5.262523
00-0028660	Dan Bailey	K	33	0.000000	0.000000
00-0026003	Dan Carpenter	K	29	0.000000	0.000000
00-0029588	Dan Herron	RB	2	0.250000	0.550000
00-0023578	Dan Orlovsky	QB	9	8.064444	7.380833
00-0027912	Danario Alexander	WR	18	12.550000	8.340147
00-0028352	Dane Sanzenbacher	WR	11	6.718182	4.402441
00-0023752	Daniel Fells	TE	15	4.873333	3.181921
00-0021154	Daniel Graham	TE	2	5.250000	2.150000
00-0028000	Daniel Thomas	RB	26	6.665385	4.911207
00-0026035	Danny Amendola	WR	13	13.407692	8.736701
00-0026019	Danny Woodhead	RB	31	7.583871	5.709646
00-0025542	Dante Rosario	TE	13	4.169231	6.748947
00-0025951	Darius Reynaud	RB	17	1.752941	3.153731
00-0026144	Darren McFadden	RB	20	14.595000	8.225781
00-0023564	Darren Sproles	RB	30	16.946667	5.495922
00-0026983	Darrius Heyward-Bey	WR	28	11.535714	6.754851
00-0029612	Daryl Richardson	RB	17	5.788235	4.010117
00-0023635	Dave Rayner	K	7	0.000000	0.000000
00-0000108	David Akers	K	33	0.198788	1.124514
00-0024465	David Anderson	WR	5	4.180000	2.620992
00-0028179	David Ausberry	TE	10	1.940000	1.242739
00-0020608	David Carr	QB	2	0.230000	0.070000
00-0028646	David Gilreath	WR	2	0.350000	0.350000
00-0026957	David Johnson	TE	11	2.654545	2.052654
00-0027322	David Nelson	WR	17	9.523529	5.531783
00-0029218	David Paulson	TE	7	1.728571	0.937648
00-0027755	David Reed	WR	9	1.022222	2.763966
00-0024301	David Thomas	TE	10	5.020000	4.337926
00-0029251	David Wilson	RB	17	4.417647	7.526052
00-0026000	Davone Bess	WR	30	9.136667	4.960207
00-0030564	DeAndre Hopkins	WR	1	11.600000	0.000000
00-0024242	DeAngelo Williams	RB	33	9.348485	7.540482
00-0027827	Dedrick Epps	TE	1	-0.100000	0.000000
00-0021192	Deion Branch	WR	20	9.085000	6.408375
00-0027779	Deji Karim	RB	15	3.000000	2.922784
00-0024389	Delanie Walker	TE	23	5.900000	4.471747
00-0028057	Delone Carter	RB	22	3.772727	3.718526
00-0028009	DeMarco Murray	RB	24	13.037500	8.263565
00-0028187	DeMarco Sampson	WR	2	3.300000	1.400000
00-0028479	Demarcus Dobbs	TE	5	0.000000	0.000000
00-0027874	Demaryius Thomas	WR	26	16.773077	8.917466
00-0030547	Denard Robinson	RB	1	0.100000	0.000000
00-0028086	Denarius Moore	WR	28	11.385714	7.674620
00-0027714	Dennis Pitta	TE	27	9.940741	6.700982
00-0027063	Deon Butler	WR	4	2.775000	0.858414
00-0029388	Deonte Thompson	WR	6	1.350000	2.854091
00-0023645	Derek Anderson	QB	4	0.530000	0.792528
00-0024297	Derek Hagan	WR	18	5.616667	4.090402
00-0029068	Derrick Coleman	RB	1	6.000000	0.000000
00-0010500	Derrick Mason	WR	9	4.000000	2.846440
00-0022770	Derrick Ward	RB	5	5.480000	3.750947
00-0026189	DeSean Jackson	WR	27	12.218519	6.726071
00-0022929	Devery Henderson	WR	24	6.504167	6.915290
00-0029673	DeVier Posey	WR	5	2.880000	2.611819
00-0024447	Devin Aromashodu	WR	18	6.000000	3.489508
00-0024272	Devin Hester	WR	32	4.378125	5.315763
00-0026174	Devin Thomas	WR	13	0.515385	0.942865
00-0029274	Devon Wylie	WR	4	2.825000	2.439646
00-0027651	Dexter McCluster	WR	32	7.809375	5.286383
00-0027902	Dez Bryant	WR	32	16.006250	9.420952
00-0027789	Dezmon Briscoe	WR	15	7.600000	6.714462
00-0028087	Dion Lewis	RB	19	1.694737	3.008492
00-0024345	Domenik Hixon	WR	14	8.764286	4.404479
00-0024308	Dominique Byrd	TE	1	0.000000	0.000000
00-0027520	Dominique Curry	WR	1	0.000000	0.000000
00-0028994	Dominique Jones	TE	1	1.800000	0.000000
00-0027003	Donald Brown	RB	22	8.413636	4.993113
00-0004541	Donald Driver	WR	22	6.600000	4.919719
00-0027518	Donald Jones	WR	19	8.505263	5.578575
00-0021929	Donald Lee	TE	6	3.750000	2.830047
00-0026173	Donnie Avery	WR	17	10.564706	5.601569
00-0011022	Donovan McNabb	QB	6	12.156667	3.834552
00-0021147	Donte' Stallworth	WR	10	7.830000	5.895939
00-0027819	Dorin Dickerson	WR	6	2.983333	2.726669
00-0028434	Doug Baldwin	WR	30	8.453333	6.928239
00-0029613	Doug Martin	RB	17	19.058824	11.522870
00-0020531	Drew Brees	QB	33	28.354545	9.728029
00-0028307	Drew Davis	WR	3	4.666667	4.479087
00-0028409	DuJuan Harris	RB	9	4.111111	4.007062
00-0026170	Dustin Keller	TE	24	10.258333	6.708696
00-0029689	Dwayne Allen	TE	16	7.787500	3.792241
00-0025410	Dwayne Bowe	WR	29	13.441379	6.792923
00-0028114	Dwayne Harris	WR	23	2.365217	3.426572
00-0026210	Earl Bennett	WR	23	6.356522	5.627404
00-0026221	Early Doucet	WR	26	7.788462	4.950861
00-0021755	Earnest Graham	RB	7	8.985714	4.801913
00-0027675	Ed Dickson	TE	28	6.521429	5.976403
00-0030485	Eddie Lacy	RB	1	12.200000	0.000000
00-0026182	Eddie Royal	WR	23	5.360870	4.671071
00-0026947	Eddie Williams	RB	2	1.450000	1.250000
00-0030526	EJ Manuel	QB	1	20.300000	0.000000
00-0022803	Eli Manning	QB	33	20.016364	9.993190
00-0027920	Emmanuel Arceneaux	WR	1	2.000000	0.000000
00-0027685	Emmanuel Sanders	WR	26	7.119231	3.551600
00-0027690	Eric Decker	WR	32	13.496875	8.654641
00-0029098	Eric Page	WR	1	0.000000	0.000000
00-0024535	Eric Weems	WR	23	1.073913	1.923135
00-0026123	Evan Moore	TE	14	6.571429	4.067366
00-0028115	Evan Royster	RB	20	4.765000	5.647059
00-0026162	Felix Jones	RB	27	8.592593	6.489075
00-0029731	Fozzy Whittaker	RB	1	0.000000	0.000000
00-0023500	Frank Gore	RB	33	13.115152	6.257946
00-0026188	Fred Davis	TE	20	10.770000	5.714552
00-0024204	Fred Jackson	RB	21	16.133333	8.907158
00-0028903	Garrett Celek	TE	3	3.033333	2.169997
00-0027718	Garrett Graham	TE	13	6.800000	6.835878
00-0025824	Garrett Hartley	K	17	0.000000	0.000000
00-0026281	Gary Barnidge	TE	7	3.100000	2.609871
00-0030544	Gavin Escobar	TE	1	1.700000	0.000000
00-0030456	Giovani Bernard	RB	1	4.000000	0.000000
00-0027891	Golden Tate	WR	30	8.814000	5.883997
00-0026858	Graham Gano	K	23	0.000000	0.000000
00-0027602	Graham Harrell	QB	3	-0.500000	1.071945
00-0023408	Greg Camarillo	WR	8	3.687500	2.305123
00-0024267	Greg Jennings	WR	22	14.490909	7.895103
00-0027997	Greg Little	WR	30	9.840000	5.339825
00-0028146	Greg McElroy	QB	2	6.780000	0.880000
00-0025418	Greg Olsen	TE	31	10.351613	6.239979
00-0028050	Greg Salas	WR	6	8.700000	4.633213
00-0029621	Greg Zuerlein	K	17	0.000000	0.000000
00-0027005	Hakeem Nicks	WR	27	14.514815	7.985668
00-0026224	Harry Douglas	WR	27	7.125926	4.522585
00-0028842	Hayden Smith	TE	1	2.600000	0.000000
00-0023465	Heath Miller	TE	31	10.493548	6.109059
00-0017162	Hines Ward	WR	13	7.238462	5.765753
00-0026566	Isaac Redman	RB	31	5.796774	5.288483
00-0029626	Isaiah Pead	RB	9	0.888889	1.115989
00-0025490	Isaiah Stanback	TE	1	1.600000	0.000000
00-0022912	J.P. Losman	QB	1	2.500000	0.000000
00-0021163	Jabar Gaffney	WR	18	11.194444	5.898914
00-0025701	Jackie Battle	RB	31	5.693548	5.797938
00-0026209	Jacob Hester	RB	18	2.977778	2.992501
00-0026267	Jacob Tamme	TE	23	7.052174	4.812833
00-0027709	Jacoby Ford	WR	9	6.800000	6.144012
00-0025460	Jacoby Jones	WR	33	6.136364	4.808126
00-0028083	Jacquizz Rodgers	RB	33	6.451515	4.711502
00-0027880	Jahvid Best	RB	6	18.783333	7.512748
00-0027259	Jake Ballard	TE	14	8.742857	5.082985
00-0004161	Jake Delhomme	QB	1	12.440000	0.000000
00-0027946	Jake Locker	QB	17	12.630588	8.274215
00-0027154	Jake O'Connell	TE	6	2.833333	1.579733
00-0026316	Jalen Parmele	RB	8	3.412500	3.626788
00-0026213	Jamaal Charles	RB	19	14.615789	9.300609
00-0028417	Jamar Newsome	WR	5	2.460000	0.995188
00-0027109	James Casey	TE	22	6.213636	5.888841
00-0029634	James Hanna	TE	5	3.320000	2.052706
00-0025465	James Jones	WR	29	12.755172	7.657747
00-0027791	James Starks	RB	20	7.640000	5.203979
00-0028068	Jamie Harper	RB	13	2.953846	3.541103
00-0027061	Jared Cook	TE	28	10.296429	7.171346
00-0027105	Jarett Dillard	WR	13	4.784615	3.492155
00-0029572	Jarius Wright	WR	7	9.442857	5.952156
00-0030300	Jaron Brown	WR	1	2.400000	0.000000
00-0029051	Jarrett Boykin	WR	4	1.925000	0.481534
00-0024324	Jason Avant	WR	30	8.033333	5.889897
00-0023460	Jason Campbell	QB	11	10.200000	8.816707
00-0006800	Jason Hanson	K	32	0.000000	0.000000
00-0025463	Jason Hill	WR	11	8.109091	5.508746
00-0022127	Jason Witten	TE	33	14.003030	7.018956
00-0027120	Javon Ringer	RB	14	5.342857	4.146033
00-0024226	Jay Cutler	QB	26	15.625385	7.622399
00-0019770	Jay Feely	K	32	0.000000	0.000000
00-0027321	Jeff Cumberland	TE	14	6.314286	4.205075
00-0024369	Jeff King	TE	22	4.636364	3.336785
00-0026799	Jeremiah Johnson	RB	6	3.483333	1.803161
00-0027308	Jeremy Horne	WR	2	0.250000	0.250000
00-0028091	Jeremy Kerley	WR	31	7.400645	5.833811
00-0026995	Jeremy Maclin	WR	27	13.766667	9.073159
00-0028249	Jeremy Ross	WR	3	0.000000	0.000000
00-0021148	Jeremy Shockey	TE	15	6.966667	2.381223
00-0021647	Jerheme Urban	WR	3	4.733333	4.789108
00-0024294	Jerious Norwood	RB	9	0.455556	1.170101
00-0027873	Jermaine Gresham	TE	30	10.793333	4.317401
00-0029159	Jermaine Kearse	WR	4	4.750000	4.723611
00-0026231	Jermichael Finley	TE	32	10.437500	6.518807
00-0024359	Jerome Harrison	RB	3	1.800000	0.883176
00-0026186	Jerome Simpson	WR	26	8.419231	5.986653
00-0027445	Jeron Mastrud	TE	2	3.450000	1.650000
00-0028021	Jerrel Jernigan	WR	10	0.580000	0.778203
00-0022811	Jerricho Cotchery	WR	17	6.052941	4.111836
00-0024609	Jesse Holley	WR	5	4.780000	4.244243
00-0027825	Jim Dray	TE	4	3.025000	1.321694
00-0027696	Jimmy Graham	TE	32	17.053125	6.651456
00-0009323	Jimmy Kleinsasser	TE	1	1.400000	0.000000
00-0029271	Joe Adams	WR	9	-0.333333	1.569855
00-0029494	Joe Anderson	WR	1	0.000000	0.000000
00-0026158	Joe Flacco	QB	33	16.447273	8.750537
00-0027712	Joe McKnight	RB	29	2.310345	3.586310
00-0028532	Joe Morgan	WR	8	8.250000	5.299764
00-0027796	Joe Webb	QB	9	6.248889	9.858082
00-0023630	Joel Dreessen	TE	27	7.625926	4.737056
00-0025427	John Beck	QB	4	13.155000	5.367539
00-0026178	John Carlson	TE	6	2.050000	1.245994
00-0028208	John Clay	RB	2	5.050000	1.950000
00-0021304	John Gilmore	TE	3	3.666667	2.498444
00-0009028	John Kasay	K	16	0.000000	0.000000
00-0027139	John Phillips	TE	16	3.162500	2.862445
00-0027754	John Skelton	QB	15	10.740000	10.259016
00-0026913	Johnny Knox	WR	14	8.550000	6.261989
00-0028071	Johnny White	RB	7	1.128571	0.740105
00-0027218	Joique Bell	RB	17	10.711765	6.276087
00-0027964	Jon Baldwin	WR	21	5.280952	4.193376
00-0009311	Jon Kitna	QB	3	1.760000	2.630437
00-0027786	Jonathan Dwyer	RB	16	7.050000	4.583803
00-0029510	Jonathan Grimes	RB	2	1.650000	0.250000
00-0026153	Jonathan Stewart	RB	25	10.908000	4.445755
00-0028040	Jordan Cameron	TE	15	5.580000	5.980881
00-0026739	Jordan Norwood	WR	13	6.353846	5.232681
00-0030472	Jordan Reed	TE	1	8.800000	0.000000
00-0027687	Jordan Shipley	WR	9	6.311111	6.010628
00-0028121	Jordan Todman	RB	2	3.500000	1.700000
00-0029642	Jordan White	WR	1	2.300000	0.000000
00-0026176	Jordy Nelson	WR	28	16.992857	10.436609
00-0024245	Joseph Addai	RB	12	6.133333	4.366794
00-0029883	Joseph Fauria	TE	1	11.700000	0.000000
00-0028291	Josh Baker	TE	6	1.950000	2.676285
00-0029319	Josh Bellamy	WR	2	0.000000	0.000000
00-0021940	Josh Brown	K	20	0.000000	0.000000
00-0028930	Josh Cooper	WR	4	4.650000	3.186299
00-0023176	Josh Cribbs	WR	32	4.212500	5.214268
00-0026993	Josh Freeman	QB	32	17.074375	7.403104
00-0029664	Josh Gordon	WR	16	9.906250	6.884627
00-0026300	Josh Johnson	QB	10	1.454000	5.512147
00-0021206	Josh McCown	QB	3	9.120000	7.571385
00-0026314	Josh Morgan	WR	21	7.885714	3.739020
00-0022874	Josh Scobee	K	31	0.000000	0.000000
00-0026644	Josh Vaughan	RB	1	2.400000	0.000000
00-0027150	Julian Edelman	WR	23	4.778261	7.912893
00-0027944	Julio Jones	WR	29	16.617241	8.512023
00-0028067	Julius Thomas	TE	2	14.750000	13.250000
00-0029311	Junior Hemingway	WR	1	7.300000	0.000000
00-0029702	Juron Criner	WR	6	6.183333	2.396815
00-0029707	Justin Blackmon	WR	15	12.186667	9.127823
00-0026373	Justin Forsett	RB	28	4.050000	3.292253
00-0025547	Justin Medlock	K	10	0.000000	0.000000
00-0021227	Justin Peelle	TE	1	2.900000	0.000000
00-0029597	Justin Tucker	K	17	0.000000	0.000000
00-0026579	Kahlil Bell	RB	13	6.069231	7.315356
00-0028787	Kai Forbath	K	12	0.000000	0.000000
00-0021570	Kassim Osgood	WR	3	3.066667	2.242518
00-0028070	Kealoha Pilares	WR	16	1.243750	2.826873
00-0022726	Keary Colbert	WR	5	3.580000	1.641219
00-0027214	Keiland Williams	RB	15	3.126667	4.297203
00-0027257	Keith Toston	RB	3	4.833333	6.835366
00-0024264	Kellen Clemens	QB	5	8.320000	8.574968
00-0026298	Kellen Davis	TE	21	5.738095	3.490596
00-0022922	Kellen Winslow	TE	18	10.244444	4.936060
00-0030000	Kenbrell Thompkins	WR	1	8.200000	0.000000
00-0028053	Kendall Hunter	RB	28	5.689286	3.549481
00-0029708	Kendall Wright	WR	16	9.506250	3.815342
00-0027006	Kenny Britt	WR	18	10.572222	8.567692
00-0030085	Kenny Stills	WR	1	10.600000	0.000000
00-0003292	Kerry Collins	QB	3	7.713333	2.827123
00-0029415	Keshawn Martin	WR	15	1.986667	2.664299
00-0025540	Kevin Boss	TE	13	7.561538	4.346624
00-0026699	Kevin Brock	TE	2	2.350000	0.750000
00-0029055	Kevin Elliott	WR	5	4.160000	1.695406
00-0005091	Kevin Faulk	RB	6	2.683333	3.515877
00-0025423	Kevin Kolb	QB	15	14.497333	7.557731
00-0026780	Kevin Ogletree	WR	25	5.208000	6.735869
00-0026204	Kevin Smith	RB	15	10.586667	11.414720
00-0021931	Kevin Walter	WR	28	7.471429	5.385023
00-0029604	Kirk Cousins	QB	3	12.946667	8.780969
00-0030280	Knile Davis	RB	1	2.700000	0.000000
00-0026988	Knowshon Moreno	RB	16	10.293750	6.912983
00-0028238	Konrad Reuland	TE	10	2.100000	1.066771
00-0026757	Kory Sperry	TE	3	2.266667	1.730767
00-0026029	Kregg Lumpkin	RB	16	5.175000	3.795310
00-0028338	Kris Adams	WR	1	4.600000	0.000000
00-0028045	Kris Durham	WR	6	5.766667	2.952212
00-0028337	Kyle Adams	TE	7	1.142857	1.037658
00-0022164	Kyle Boller	QB	2	2.120000	2.780000
00-0023541	Kyle Orton	QB	10	11.318000	7.236256
00-0027981	Kyle Rudolph	TE	27	8.514815	5.804641
00-0027608	Kyle Williams	WR	21	5.485714	5.094281
00-0020536	LaDainian Tomlinson	RB	14	9.492857	6.551604
00-0029275	Ladarius Green	TE	2	4.800000	0.700000
00-0029615	Lamar Miller	RB	10	4.350000	3.356263
00-0029260	LaMichael James	RB	4	4.600000	0.900000
00-0026432	Lance Ball	RB	26	4.534615	4.143850
00-0029004	Lance Dunbar	RB	7	2.400000	1.772005
00-0027985	Lance Kendricks	TE	30	6.126667	3.985468
00-0023310	Lance Moore	WR	30	12.403333	7.035741
00-0028288	LaQuan Williams	WR	4	2.150000	1.721191
00-0026956	LaRod Stephens-Howling	RB	29	5.424138	6.437801
00-0029343	LaRon Byrd	WR	1	1.800000	0.000000
00-0022921	Larry Fitzgerald	WR	33	14.300000	8.602466
00-0021976	Larry Johnson	RB	1	0.200000	0.000000
00-0025462	Laurent Robinson	WR	19	13.315789	7.247814
00-0026266	Lavelle Hawkins	WR	21	5.295238	4.547472
00-0029548	LaVon Brazill	WR	9	3.733333	3.169998
00-0019778	Lawrence Tynes	K	32	0.000000	0.000000
00-0022910	Lee Evans	WR	3	3.800000	1.981582
00-0028097	Lee Smith	TE	7	3.200000	2.748506
00-0027325	LeGarrette Blount	RB	25	6.468000	6.481587
00-0025559	Legedu Naanee	WR	16	6.167500	3.917313
00-0024332	Leon Washington	RB	32	2.218750	3.595087
00-0028017	Leonard Hankerson	WR	19	8.689474	6.817076
00-0024287	Leonard Pope	TE	18	3.922222	3.195580
00-0027029	LeSean McCoy	RB	28	19.771429	6.037789
00-0028542	Lestar Jean	WR	5	5.420000	3.801789
00-0027215	Logan Paulsen	TE	18	4.811111	3.320122
00-0025458	Lorenzo Booker	RB	14	1.242857	2.456395
00-0027089	Louis Murphy	WR	20	5.845000	4.026223
00-0022864	Luke McCown	QB	5	0.768000	3.795336
00-0028042	Luke Stocker	TE	17	3.511765	1.996138
00-0022414	Malcom Floyd	WR	27	12.285185	6.167039
00-0027412	Manase Tonga	RB	3	2.000000	0.864099
00-0027816	Marc Mariani	WR	16	0.862500	1.592119
00-0024243	Marcedes Lewis	TE	30	7.166667	4.683897
00-0027708	Marcus Easley	WR	3	0.000000	0.000000
00-0026577	Marcus Thigpen	RB	16	0.831250	2.118879
00-0027700	Mardy Gilyard	WR	2	1.750000	1.750000
00-0026235	Mario Manningham	WR	23	9.243478	4.876369
00-0023544	Marion Barber	RB	11	7.836364	4.902184
00-0002110	Mark Brunell	QB	1	1.080000	0.000000
00-0023457	Mark Clayton	WR	1	5.600000	0.000000
00-0027966	Mark Ingram	RB	27	7.081481	4.962678
00-0026898	Mark Sanchez	QB	31	13.980000	9.162592
00-0030460	Markus Wheaton	WR	1	0.000000	0.000000
00-0030400	Marlon Brown	WR	1	16.500000	0.000000
00-0027356	Marlon Moore	WR	4	6.125000	4.633775
00-0024466	Marques Colston	WR	31	16.532258	8.907749
00-0030068	Marquise Goodwin	WR	1	-1.000000	0.000000
00-0025399	Marshawn Lynch	RB	32	16.262500	7.282803
00-0026201	Martellus Bennett	TE	26	7.419231	5.705329
00-0029293	Marvin Jones	WR	8	6.487500	5.085626
00-0025580	Mason Crosby	K	33	0.000000	0.000000
00-0028198	Matt Asiata	RB	4	0.525000	0.496865
00-0020578	Matt Bryant	K	33	0.000000	0.000000
00-0023662	Matt Cassel	QB	18	11.631111	8.975835
00-0026349	Matt Flynn	QB	7	8.334286	17.740706
00-0026184	Matt Forte	RB	28	16.471429	7.104368
00-0007091	Matt Hasselbeck	QB	24	13.105000	7.334660
00-0024225	Matt Leinart	QB	4	2.695000	3.401334
00-0025708	Matt Moore	QB	15	13.021333	8.360604
00-0023853	Matt Prater	K	33	0.000000	0.000000
00-0026143	Matt Ryan	QB	33	21.921212	8.661451
00-0022787	Matt Schaub	QB	27	17.989630	9.738206
00-0025464	Matt Spaeth	TE	12	3.233333	3.343734
00-0024756	Matt Willis	WR	20	3.485000	2.671006
00-0026008	Matthew Mulligan	TE	12	2.766667	2.410855
00-0026293	Matthew Slater	WR	10	0.360000	1.845644
00-0026498	Matthew Stafford	QB	33	23.041818	9.482598
00-0024275	Maurice Jones-Drew	RB	23	16.760870	9.006893
00-0021182	Maurice Morris	RB	13	7.123077	6.230589
00-0024305	Maurice Stovall	WR	1	1.800000	0.000000
00-0022217	Mewelde Moore	RB	20	2.940000	2.834149
00-0025487	Michael Bush	RB	30	10.346667	8.047970
00-0030128	Michael Cox	RB	1	0.000000	0.000000
00-0026986	Michael Crabtree	WR	31	14.009677	8.350289
00-0029638	Michael Floyd	WR	15	8.226667	6.356778
00-0027732	Michael Hoomanawanui	TE	10	3.270000	2.313028
00-0022781	Michael Jenkins	WR	26	7.519231	5.102866
00-0027202	Michael Palmer	TE	14	2.671429	2.271069
00-0028362	Michael Preston	WR	3	3.633333	1.225652
00-0029145	Michael Smith	RB	1	0.000000	0.000000
00-0022821	Michael Turner	RB	32	12.684375	6.905981
00-0020245	Michael Vick	QB	24	19.759167	7.523506
00-0023968	Micheal Spurlock	WR	21	3.061905	4.683555
00-0029155	Mike Brown	WR	1	2.400000	0.000000
00-0027500	Mike Caussin	TE	3	3.033333	1.020893
00-0027080	Mike Goodson	RB	15	4.333333	5.200470
00-0028522	Mike Higgins	TE	2	1.050000	0.350000
00-0027722	Mike Kafka	QB	3	0.093333	2.328108
00-0028651	Mike McNeill	TE	3	2.366667	0.590668
00-0023482	Mike Nugent	K	29	0.000000	0.000000
00-0014655	Mike Sellers	RB	1	2.500000	0.000000
00-0025466	Mike Sims-Walker	WR	5	5.400000	5.253951
00-0027076	Mike Thomas	WR	29	4.589655	4.041197
00-0026901	Mike Wallace	WR	32	13.743750	7.490450
00-0027702	Mike Williams	WR	40	10.923000	6.093745
00-0027995	Mikel Leshoure	RB	14	13.085714	5.542673
00-0023921	Miles Austin	WR	25	14.188000	7.556630
00-0027026	Mohamed Massaquoi	WR	19	6.515789	3.660495
00-0029632	Mohamed Sanu	WR	7	9.960000	5.484201
00-0027666	Montario Hardesty	RB	19	4.710526	4.641222
00-0030522	Montee Ball	RB	1	2.400000	0.000000
00-0024103	Montell Owens	RB	13	4.023077	5.650072
00-0028574	Mossis Madu	RB	5	4.540000	3.058496
00-0030514	Mychal Rivera	TE	1	4.600000	0.000000
00-0027220	Naaman Roosevelt	WR	9	5.300000	3.416951
00-0021999	Nate Burleson	WR	23	11.078261	6.272296
00-0027780	Nate Byham	TE	3	3.966667	2.552559
00-0022737	Nate Kaeding	K	5	0.000000	0.000000
00-0023367	Nate Washington	WR	33	11.454545	7.284733
00-0028906	Nathan Palmer	WR	2	0.300000	0.300000
00-0019676	Neil Rackers	K	16	0.000000	0.000000
00-0029567	Nick Foles	QB	7	14.022857	10.032464
00-0025565	Nick Folk	K	32	0.000000	0.000000
00-0026536	Nick Miller	WR	7	1.114286	2.089038
00-0023096	Nick Novak	K	29	0.000000	0.000000
00-0028093	Niles Paul	TE	14	2.450000	2.817737
00-0010373	Olindo Mare	K	19	0.000000	0.000000
00-0029414	Orson Charles	TE	8	2.262500	1.081593
00-0024313	Owen Daniels	TE	31	10.741935	5.729368
00-0029227	Pat Edwards	WR	1	6.000000	0.000000
00-0022766	Patrick Crayton	WR	13	4.138462	3.730032
00-0027059	Patrick Turner	WR	6	3.933333	2.462158
00-0026998	Percy Harvin	WR	25	17.408000	8.786850
00-0026367	Peyton Hillis	RB	23	6.904348	6.516499
00-0010346	Peyton Manning	QB	17	26.078824	10.614174
00-0004091	Phil Dawson	K	33	0.000000	0.000000
00-0022942	Philip Rivers	QB	33	18.134545	7.831542
00-0028613	Phillip Tanner	RB	10	3.380000	2.426850
00-0026345	Pierre Garcon	WR	27	12.781481	8.751298
00-0024813	Pierre Thomas	RB	32	10.196875	5.432224
00-0019642	Plaxico Burress	WR	16	10.462500	5.502826
00-0027450	Preston Parker	WR	18	5.988889	5.357330
00-0026716	Quan Cosby	WR	12	-0.166667	0.552771
00-0027437	Quinn Porter	RB	9	0.000000	0.000000
00-0026902	Ramses Barden	WR	10	5.440000	6.028963
00-0028002	Randall Cobb	WR	31	10.967742	8.351990
00-0029421	Randy Bullock	K	1	0.000000	0.000000
00-0021236	Randy McMichael	TE	18	3.961111	2.219895
00-0011754	Randy Moss	WR	14	6.385714	3.911313
00-0027155	Rashad Jennings	RB	11	6.409091	7.176788
00-0026163	Rashard Mendenhall	RB	22	10.136364	6.496751
00-0023429	Rashied Davis	WR	4	2.575000	1.700551
00-0026195	Ray Rice	RB	33	20.576970	7.585680
00-0024217	Reggie Bush	RB	32	14.221875	8.552475
00-0009119	Reggie Kelly	TE	1	1.700000	0.000000
00-0020498	Reggie Wayne	WR	33	14.775758	7.406428
00-0022121	Rex Grossman	QB	13	13.780000	8.292807
00-0029587	Rhett Ellison	TE	7	1.928571	1.635075
00-0019310	Rian Lindell	K	25	0.000000	0.000000
00-0028442	Ricardo Lockette	WR	2	9.250000	3.850000
00-0025749	Richard Bartel	QB	2	4.170000	5.290000
00-0027585	Richard Goodman	WR	20	0.300000	1.307670
00-0028119	Richard Gordon	TE	4	2.525000	2.719720
00-0028416	Richard Murphy	RB	4	2.300000	0.393700
00-0027583	Richie Brockel	TE	5	2.300000	3.000667
00-0017915	Ricky Williams	RB	16	4.606250	3.570271
00-0027758	Riley Cooper	WR	18	6.816667	5.070311
00-0029580	Rishard Matthews	WR	6	4.350000	1.668083
00-0020962	Rob Bironas	K	33	0.000000	0.000000
00-0027656	Rob Gronkowski	TE	27	19.588889	9.385502
00-0028007	Rob Housler	TE	19	5.789474	3.779013
00-0023252	Robbie Gould	K	30	0.000000	0.000000
00-0029665	Robert Griffin III	QB	16	23.816250	9.516731
00-0028345	Robert Hughes	RB	2	0.900000	0.400000
00-0025414	Robert Meachem	WR	21	8.852381	6.633725
00-0029273	Robert Turbin	RB	16	4.843750	2.907956
00-0030431	Robert Woods	WR	1	8.800000	0.000000
00-0021357	Rock Cartwright	RB	7	1.557143	1.535166
00-0029129	Rod Streater	WR	15	8.420000	5.165682
00-0023462	Roddy White	WR	33	16.684848	8.964919
00-0023437	Ronnie Brown	RB	28	4.742857	4.295133
00-0029683	Ronnie Hillman	RB	15	3.960000	3.223208
00-0023490	Roscoe Parrish	WR	15	0.173333	0.648554
00-0028043	Roy Helu	RB	19	9.431579	8.348341
00-0022909	Roy Williams	WR	12	8.308333	4.945782
00-0029262	Rueben Randle	WR	14	5.850000	6.848749
00-0029263	Russell Wilson	QB	17	20.301176	10.310984
00-0027775	Rusty Smith	QB	1	1.360000	0.000000
00-0022421	Ruvell Martin	WR	6	3.883333	2.916857
00-0029209	Ryan Broyles	WR	7	9.285714	6.122891
00-0023682	Ryan Fitzpatrick	QB	32	16.577500	8.219778
00-0022984	Ryan Grant	RB	20	7.265000	7.224214
00-0029531	Ryan Lindley	QB	6	2.130000	1.677289
00-0010072	Ryan Longwell	K	16	0.000000	0.000000
00-0028012	Ryan Mallett	QB	3	-0.740000	1.137483
00-0027864	Ryan Mathews	RB	27	14.333333	6.563536
00-0026968	Ryan Succop	K	32	0.000000	0.000000
00-0029701	Ryan Tannehill	QB	17	12.843529	7.257296
00-0028156	Ryan Taylor	TE	2	4.750000	2.650000
00-0026279	Ryan Torain	RB	8	4.287500	5.865671
00-0028105	Ryan Whalen	WR	6	3.166667	2.131249
00-0027976	Ryan Williams	RB	5	4.760000	3.000400
00-0027854	Sam Bradford	QB	27	14.288889	6.922336
00-0023953	Sam Hurd	WR	7	2.700000	2.813234
00-0026953	Sammie Stroughter	WR	8	1.200000	2.400000
00-0019484	Sammy Morris	RB	3	5.366667	2.041786
00-0020494	Santana Moss	WR	29	9.810345	4.762667
00-0024240	Santonio Holmes	WR	20	10.930000	5.113521
00-0025516	Scott Chandler	TE	29	8.717241	5.821012
00-0019646	Sebastian Janikowski	K	32	0.000000	0.000000
00-0022055	Seneca Wallace	QB	6	6.463333	5.569146
00-0027581	Seyi Ajirotutu	WR	3	2.966667	1.108553
00-0027994	Shane Vereen	RB	14	7.471429	7.018590
00-0028158	Shaun Chapas	RB	2	1.750000	0.150000
00-0028202	Shaun Draughn	RB	16	4.568750	3.672145
00-0020679	Shaun Hill	QB	3	6.666667	8.575536
00-0023001	Shaun Suisham	K	33	-0.003030	0.017142
00-0019536	Shayne Graham	K	19	0.000000	0.000000
00-0026899	Shonn Greene	RB	33	11.536364	8.114776
00-0025431	Sidney Rice	WR	25	10.752000	6.116935
00-0026491	Stefan Logan	WR	31	0.277419	1.050871
00-0028174	Stephen Burton	WR	5	4.060000	2.832384
00-0024333	Stephen Gostkowski	K	33	0.000000	0.000000
00-0028995	Stephen Hill	WR	7	10.585714	6.764704
00-0027071	Stephen McGee	QB	1	16.080000	0.000000
00-0023108	Stephen Spach	TE	2	1.100000	0.200000
00-0028011	Stevan Ridley	RB	29	9.048276	7.167822
00-0025529	Steve Breaston	WR	22	7.654545	5.434630
00-0026364	Steve Johnson	WR	33	13.603030	5.531479
00-0027567	Steve Maneri	TE	4	2.900000	3.309834
00-0026229	Steve Slaton	RB	6	2.950000	2.680640
00-0020337	Steve Smith	WR	45	12.237778	7.762654
00-0025944	Steven Hauschka	K	32	0.000000	0.000000
00-0022736	Steven Jackson	RB	32	13.737500	6.496381
00-0029660	T.J. Graham	WR	16	4.387500	3.040328
00-0020438	T.J. Houshmandzadeh	WR	6	5.266667	4.331153
00-0028090	T.J. Yates	QB	9	5.897778	7.507107
00-0029608	T.Y. Hilton	WR	16	12.000000	8.050466
00-0028061	Tandon Doss	WR	9	2.811111	2.734733
00-0024279	Tarvaris Jackson	QB	15	12.576000	5.255571
00-0026262	Tashard Choice	RB	21	3.752381	3.655344
00-0030525	Tavon Austin	WR	1	10.000000	0.000000
00-0027693	Taylor Price	WR	1	5.900000	0.000000
00-0029590	Taylor Thompson	TE	5	2.120000	0.895321
00-0025396	Ted Ginn	WR	28	2.235714	3.528477
00-0022388	Terrance Copper	WR	11	3.218182	2.838635
00-0030542	Terrance Williams	WR	1	5.200000	0.000000
00-0028825	Terrelle Pryor	QB	4	13.095000	11.504220
00-0027813	Terrence Austin	WR	6	3.950000	2.022993
00-0027253	Thad Lewis	QB	1	12.460000	0.000000
00-0025573	Thomas Clayton	RB	3	0.833333	0.309121
00-0019641	Thomas Jones	RB	16	3.568750	2.490662
00-0026289	Tim Hightower	RB	5	12.380000	5.844793
00-0027876	Tim Tebow	QB	24	9.621667	9.982049
00-0027156	Tiquan Underwood	WR	17	5.211765	3.612703
00-0027982	Titus Young	WR	24	10.129167	7.237546
00-0027888	Toby Gerhart	RB	30	5.783333	6.036118
00-0020516	Todd Heap	TE	9	8.411111	3.769599
00-0019596	Tom Brady	QB	33	26.415152	7.479046
00-0027121	Tom Brandstater	QB	1	0.000000	0.000000
00-0026878	Tom Crabtree	TE	12	5.175000	4.895257
00-0028406	Tommy Gallarda	TE	1	1.700000	0.000000
00-0029204	Toney Clemons	WR	2	3.550000	0.850000
00-0027093	Tony Fiammetta	RB	4	1.825000	0.998436
00-0006101	Tony Gonzalez	TE	33	13.821212	7.708585
00-0027695	Tony Moeaki	TE	13	6.484615	3.905784
00-0021678	Tony Romo	QB	33	20.918182	8.755907
00-0024276	Tony Scheffler	TE	27	7.244444	4.049265
00-0028596	Tori Gurley	WR	1	2.500000	0.000000
00-0027996	Torrey Smith	WR	31	12.148387	9.362515
00-0029205	Travaris Cadet	RB	9	0.877778	1.832289
00-0027070	Travis Beckum	TE	4	5.075000	5.035065
00-0029269	Travis Benjamin	WR	14	5.557143	4.050170
00-0025479	Trent Edwards	QB	1	0.560000	0.000000
00-0029675	Trent Richardson	RB	16	16.525000	7.037089
00-0027606	Trindon Holliday	WR	17	0.805882	2.690390
00-0027917	Tyler Clutts	RB	8	1.600000	0.986154
00-0030549	Tyler Eifert	TE	1	9.700000	0.000000
00-0024812	Tyler Palko	QB	6	4.890000	5.693221
00-0025604	Tyler Thigpen	QB	4	0.225000	0.612107
00-0028118	Tyrod Taylor	QB	7	2.768571	5.627675
00-0030470	Vance McDonald	TE	1	3.500000	0.000000
00-0024221	Vernon Davis	TE	31	10.751613	7.286880
00-0029547	Vick Ballard	RB	17	8.141176	4.936069
00-0027265	Victor Cruz	WR	32	18.118750	9.765706
00-0024218	Vince Young	QB	5	9.708000	9.813832
00-0028020	Vincent Brown	WR	9	8.133333	5.464227
00-0023496	Vincent Jackson	WR	33	15.469697	9.960452
00-0028142	Virgil Green	TE	5	3.340000	2.187784
00-0022054	Visanthe Shiancoe	TE	12	7.908333	3.326023
00-0022397	Vonta Leach	RB	27	2.966667	2.378920
00-0022427	Wes Welker	WR	33	19.727273	10.002311
00-0028270	Weslye Saunders	TE	6	2.733333	2.040969
00-0021756	Will Heller	TE	14	3.442857	2.741927
00-0026557	Will Ta'ufo'ou	RB	2	1.800000	0.300000
00-0028736	William Powell	RB	12	4.491667	3.684757
00-0022178	Willis McGahee	RB	25	11.928000	7.373657
00-0030536	Zac Stacy	RB	1	0.400000	0.000000
00-0030061	Zach Ertz	TE	1	2.100000	0.000000
00-0029931	Zach Line	RB	1	1.800000	0.000000
00-0025425	Zach Miller	TE	30	5.443333	2.822255
00-0026658	Zach Potter	TE	7	1.800000	1.776031
00-0028509	Zack Pianalto	TE	3	2.666667	1.228368
